Kuupäev;SO2;NO2;CO;O3;PM10;PM2.5;TEMP;WD10;WS10
"2022-02-28 23:00";0,2;5,2;0,40;64,7;17,2;11,9;0,2;218;1,2
"2022-02-28 22:00";0,3;9,6;0,57;62,9;24,2;16,6;0,8;211;1,3
"2022-02-28 21:00";0,4;13,1;0,61;63,5;24,2;16,6;1,6;220;1,3
"2022-02-28 20:00";0,8;20,7;0,75;60,8;19,9;11,1;2,3;212;1,1
"2022-02-28 19:00";0,9;23,9;0,71;58,2;15,6;5,5;3,2;212;1,0
"2022-02-28 18:00";1,2;28,6;0,57;55,5;15,6;5,5;4,3;216;1,1
"2022-02-28 17:00";1,6;15,6;0,39;67,1;15,6;6,3;5,5;239;0,9
"2022-02-28 16:00";1,2;9,1;0,34;70,8;15,6;7,1;6,0;245;0,9
"2022-02-28 15:00";1,1;7,8;0,31;70,6;15,6;7,1;5,6;254;1,2
"2022-02-28 14:00";0,9;7,1;0,35;70,3;14,4;7,1;5,1;244;1,2
"2022-02-28 13:00";0,9;7,4;0,33;67,0;13,3;7,1;4,4;259;1,1
"2022-02-28 12:00";0,8;6,8;0,34;64,7;13,3;7,1;3,3;238;1,0
"2022-02-28 11:00";0,5;8,0;0,38;61,2;10,5;5,9;2,0;217;1,1
"2022-02-28 10:00";0,5;9,9;0,41;58,5;7,8;4,7;0,5;219;1,3
"2022-02-28 09:00";0,4;16,9;0,48;51,5;7,8;4,7;-0,9;206;1,5
"2022-02-28 08:00";0,3;14,2;0,44;53,4;7,0;4,0;-1,6;201;1,6
"2022-02-28 07:00";0,4;10,0;0,35;57,2;6,2;3,2;-2,1;197;2,0
"2022-02-28 06:00";0,4;3,8;0,31;64,4;6,2;3,2;-2,0;198;1,8
"2022-02-28 05:00";0,4;2,3;0,29;66,7;6,6;3,6;-1,7;201;1,9
"2022-02-28 04:00";0,2;2,5;0,29;66,0;7,0;4,0;-1,4;207;1,4
"2022-02-28 03:00";0,3;3,8;0,30;66,7;7,0;4,0;-1,2;216;1,3
"2022-02-28 02:00";0,4;2,9;0,34;68,7;21,5;12,3;-1,3;200;2,0
"2022-02-28 01:00";0,5;5,2;0,33;68,3;35,9;20,6;-1,0;200;2,0
"2022-02-28 00:00";0,5;2,8;0,38;69,6;35,9;20,6;-0,9;199;2,2
"2022-02-27 23:00";0,6;8,9;0,58;62,8;51,9;35,6;-1,0;196;2,3
"2022-02-27 22:00";0,8;53,9;0,72;15,8;67,9;50,6;-1,9;188;1,7
"2022-02-27 21:00";1,4;64,5;1,25;13,4;67,9;50,6;-1,2;190;1,5
"2022-02-27 20:00";3,4;60,0;2,04;23,9;39,8;28,9;-0,4;197;2,1
"2022-02-27 19:00";2,6;61,7;1,72;24,2;11,7;7,1;0,2;196;1,9
"2022-02-27 18:00";1,4;30,0;1,01;51,6;11,7;7,1;1,1;199;1,8
"2022-02-27 17:00";0,9;14,5;0,63;64,5;10,9;5,5;1,7;209;1,4
"2022-02-27 16:00";0,9;8,3;0,45;72,3;10,2;4,0;1,9;226;1,2
"2022-02-27 15:00";0,5;5,9;0,40;73,8;10,2;4,0;2,0;199;1,7
"2022-02-27 14:00";0,5;4,4;0,36;73,3;15,2;9,5;2,0;195;1,4
"2022-02-27 13:00";0,5;3,0;0,32;70,5;20,3;15,0;1,4;190;1,0
"2022-02-27 12:00";0,7;4,1;0,34;67,3;20,3;15,0;0,5;206;0,8
"2022-02-27 11:00";1,3;4,9;0,35;63,3;12,9;9,5;-0,8;253;0,8
"2022-02-27 10:00";1,3;21,2;0,63;44,8;5,5;4,0;-1,4;231;0,4
"2022-02-27 09:00";1,0;31,4;0,77;21,7;5,5;4,0;-4,1;168;0,6
"2022-02-27 08:00";0,3;32,0;0,51;12,6;6,2;3,6;-6,1;190;1,3
"2022-02-27 07:00";0,1;13,1;0,32;33,8;7,0;3,2;-5,8;258;0,7
"2022-02-27 06:00";0,0;13,0;0,32;32,9;7,0;3,2;-5,7;229;0,5
"2022-02-27 05:00";0,0;18,9;0,32;32,9;8,2;4,0;-5,2;244;0,7
"2022-02-27 04:00";0,0;11,9;0,31;44,6;9,4;4,7;-4,6;282;0,7
"2022-02-27 03:00";0,1;10,9;0,31;50,8;9,4;4,7;-4,0;273;1,0
"2022-02-27 02:00";0,1;11,3;0,30;53,0;9,8;5,5;-3,7;286;1,2
"2022-02-27 01:00";0,1;10,4;0,33;56,3;10,2;6,3;-3,3;299;1,2
"2022-02-27 00:00";0,3;13,8;0,35;53,3;10,2;6,3;-2,8;287;1,0
"2022-02-26 23:00";0,2;13,1;0,39;55,9;10,2;5,9;-2,2;309;1,4
"2022-02-26 22:00";0,2;11,6;0,35;58,6;10,2;5,5;-1,7;315;2,0
"2022-02-26 21:00";0,2;13,5;0,43;59,0;10,2;5,5;-1,1;305;1,8
"2022-02-26 20:00";0,3;18,8;0,48;55,5;8,6;4,0;-0,4;307;1,5
"2022-02-26 19:00";0,3;13,6;0,39;61,6;7,0;2,4;0,4;313;2,0
"2022-02-26 18:00";0,3;10,9;0,34;66,2;7,0;2,4;1,7;316;2,0
"2022-02-26 17:00";0,2;8,3;0,32;70,9;7,0;2,4;2,7;319;2,5
"2022-02-26 16:00";0,2;7,4;0,34;71,5;7,0;2,4;3,6;324;1,9
"2022-02-26 15:00";0,1;4,0;0,29;75,2;7,0;2,4;3,8;321;2,2
"2022-02-26 14:00";0,0;2,5;0,26;77,5;7,0;2,8;4,0;306;1,8
"2022-02-26 13:00";0,2;2,5;0,26;77,3;7,0;3,2;3,3;313;2,2
"2022-02-26 12:00";0,1;2,5;0,26;75,2;7,0;3,2;2,7;308;2,0
"2022-02-26 11:00";0,1;3,1;0,27;71,8;6,6;2,4;1,7;311;1,8
"2022-02-26 10:00";0,1;4,1;0,35;69,3;6,2;1,6;0,7;302;1,6
"2022-02-26 09:00";0,1;3,0;0,25;68,6;6,2;1,6;0,3;296;1,5
"2022-02-26 08:00";0,2;2,2;0,24;67,7;6,2;1,6;0,2;280;1,3
"2022-02-26 07:00";0,2;4,0;0,24;66,7;6,2;1,6;0,3;283;1,1
"2022-02-26 06:00";0,1;1,2;0,24;69,9;6,2;1,6;0,2;276;1,0
"2022-02-26 05:00";0,1;0,5;0,23;70,1;6,6;2,4;0,7;278;1,2
"2022-02-26 04:00";0,0;-0,0;0,23;70,3;7,0;3,2;1,1;265;1,4
"2022-02-26 03:00";0,0;0,6;0,24;69,9;7,0;3,2;1,6;261;1,2
"2022-02-26 02:00";0,0;0,5;0,24;70,6;8,6;4,4;1,8;252;1,0
"2022-02-26 01:00";0,1;3,2;0,24;69,7;10,2;5,5;2,2;242;1,3
"2022-02-26 00:00";0,1;2,3;0,26;72,4;10,2;5,5;2,2;237;1,2
"2022-02-25 23:00";0,1;2,6;0,31;71,6;10,2;5,9;1,8;217;1,2
"2022-02-25 22:00";0,1;4,1;0,36;72,9;10,2;6,3;2,3;211;1,4
"2022-02-25 21:00";0,2;4,1;0,36;73,4;10,2;6,3;2,7;218;1,7
"2022-02-25 20:00";0,2;4,8;0,38;74,3;10,2;5,9;2,9;209;1,8
"2022-02-25 19:00";0,2;5,8;0,43;74,4;10,2;5,5;2,6;201;2,5
"2022-02-25 18:00";0,2;5,3;0,37;74,9;10,2;5,5;2,8;201;2,6
"2022-02-25 17:00";0,2;4,2;0,33;74,3;10,5;5,5;3,3;202;2,8
"2022-02-25 16:00";0,3;3,6;0,34;73,3;10,9;5,5;3,3;190;3,2
"2022-02-25 15:00";0,1;2,8;0,29;75,1;10,9;5,5;4,2;186;3,7
"2022-02-25 14:00";0,2;4,8;0,33;72,0;9,8;5,1;4,5;181;3,9
"2022-02-25 13:00";0,4;7,0;0,35;63,0;8,6;4,7;4,0;171;3,6
"2022-02-25 12:00";0,3;8,0;0,36;56,7;8,6;4,7;3,1;163;3,3
"2022-02-25 11:00";0,2;7,8;0,34;54,9;7,8;4,4;2,0;154;2,9
"2022-02-25 10:00";0,3;7,3;0,32;54,9;7,0;4,0;2,0;156;3,1
"2022-02-25 09:00";0,3;8,3;0,31;53,3;7,0;4,0;1,7;152;3,1
"2022-02-25 08:00";0,2;5,1;0,31;55,4;7,8;4,0;1,3;154;3,1
"2022-02-25 07:00";0,3;2,5;0,28;58,1;8,6;4,0;1,1;159;3,0
"2022-02-25 06:00";0,2;1,6;0,28;58,3;8,6;4,0;0,9;154;3,4
"2022-02-25 05:00";0,1;1,1;0,28;59,0;9,8;4,4;0,7;157;3,1
"2022-02-25 04:00";0,1;0,7;0,27;61,1;10,9;4,7;1,0;159;3,2
"2022-02-25 03:00";0,1;0,5;0,27;63,6;10,9;4,7;1,2;162;3,1
"2022-02-25 02:00";0,1;0,8;0,27;66,5;11,3;5,5;1,4;160;3,1
"2022-02-25 01:00";0,1;1,3;0,28;69,1;11,7;6,3;1,9;163;2,9
"2022-02-25 00:00";0,1;2,0;0,28;70,7;11,7;6,3;2,3;166;3,1
"2022-02-24 23:00";0,1;2,0;0,30;72,0;12,9;6,3;2,6;171;3,0
"2022-02-24 22:00";0,3;3,0;0,32;71,7;14,1;6,3;2,7;172;3,3
"2022-02-24 21:00";0,2;3,4;0,32;72,3;14,1;6,3;2,7;169;3,7
"2022-02-24 20:00";0,2;4,7;0,33;72,1;13,3;6,3;2,9;168;3,4
"2022-02-24 19:00";0,4;6,1;0,35;72,8;12,5;6,3;3,3;168;3,2
"2022-02-24 18:00";0,5;6,9;0,36;74,0;12,5;6,3;3,6;170;2,9
"2022-02-24 17:00";0,7;5,8;0,37;76,2;11,3;5,9;4,3;175;3,5
"2022-02-24 16:00";0,6;5,8;0,33;73,4;10,2;5,5;4,2;176;3,0
"2022-02-24 15:00";0,4;4,6;0,32;72,5;10,2;5,5;3,8;174;3,2
"2022-02-24 14:00";0,2;4,7;0,33;69,7;9,4;5,1;3,3;173;3,1
"2022-02-24 13:00";0,2;4,3;0,35;68,1;8,6;4,7;2,6;172;3,4
"2022-02-24 12:00";0,3;4,2;0,36;66,5;8,6;4,7;1,8;176;3,7
"2022-02-24 11:00";0,1;4,2;0,34;62,9;7,8;4,4;0,3;173;3,4
"2022-02-24 10:00";0,1;3,9;0,33;59,3;7,0;4,0;-1,2;176;3,7
"2022-02-24 09:00";0,1;3,3;0,32;57,8;7,0;4,0;-2,1;182;3,2
"2022-02-24 08:00";0,1;9,2;0,36;49,9;7,0;5,1;-3,6;187;2,2
"2022-02-24 07:00";0,0;4,2;0,28;53,6;7,0;6,3;-4,1;178;2,2
"2022-02-24 06:00";0,1;4,9;0,29;53,0;7,0;6,3;-4,4;174;1,8
"2022-02-24 05:00";0,1;8,8;0,34;51,6;10,5;7,5;-4,4;181;1,7
"2022-02-24 04:00";0,1;4,2;0,33;56,4;14,1;8,7;-5,0;186;1,6
"2022-02-24 03:00";0,1;7,4;0,36;54,6;14,1;8,7;-4,5;187;1,7
"2022-02-24 02:00";0,2;18,2;0,37;43,4;19,9;13,1;-4,2;183;1,5
"2022-02-24 01:00";0,3;14,0;0,57;50,8;25,8;17,4;-3,2;194;1,8
"2022-02-24 00:00";0,5;15,9;0,60;50,8;25,8;17,4;-2,6;193;1,9
"2022-02-23 23:00";0,6;13,2;0,65;55,7;41,8;28,5;-2,0;196;1,9
"2022-02-23 22:00";1,0;21,4;0,76;50,6;57,8;39,6;-1,2;199;1,7
"2022-02-23 21:00";1,4;38,1;1,15;38,9;57,8;39,6;-0,6;201;1,2
"2022-02-23 20:00";1,8;58,6;1,64;26,7;36,3;22,1;-0,5;201;1,3
"2022-02-23 19:00";2,4;64,7;1,32;23,2;14,8;4,7;-0,5;191;1,4
"2022-02-23 18:00";0,9;36,5;0,66;46,1;14,8;4,7;-0,5;187;1,6
"2022-02-23 17:00";0,4;13,8;0,52;68,0;16,8;4,4;-0,2;197;1,7
"2022-02-23 16:00";0,2;9,6;0,31;68,5;18,7;4,0;-0,0;155;0,6
"2022-02-23 15:00";0,6;5,3;0,31;73,2;18,7;4,0;0,1;268;0,8
"2022-02-23 14:00";0,6;4,6;0,32;72,0;12,9;3,6;-0,4;263;0,7
"2022-02-23 13:00";0,3;6,0;0,29;69,4;7,0;3,2;-0,6;275;0,9
"2022-02-23 12:00";0,4;6,4;0,33;68,5;7,0;3,2;-1,3;261;0,9
"2022-02-23 11:00";0,5;9,6;0,35;63,4;5,1;2,4;-2,0;248;0,9
"2022-02-23 10:00";0,3;9,4;0,28;61,8;3,1;1,6;-2,4;314;1,0
"2022-02-23 09:00";0,2;13,3;0,28;58,8;3,1;1,6;-2,8;313;1,0
"2022-02-23 08:00";0,2;8,1;0,27;64,1;3,1;1,6;-3,1;288;1,2
"2022-02-23 07:00";0,1;4,9;0,24;67,5;3,1;1,6;-3,1;296;1,6
"2022-02-23 06:00";0,1;0,7;0,24;72,1;3,1;1,6;-2,8;288;1,3
"2022-02-23 05:00";0,0;0,4;0,24;72,7;3,5;1,6;-2,5;286;1,3
"2022-02-23 04:00";0,0;-0,2;0,24;72,2;3,9;1,6;-1,9;295;1,6
"2022-02-23 03:00";0,0;1,1;0,24;67,7;3,9;1,6;-1,8;293;1,6
"2022-02-23 02:00";0,0;2,0;0,25;66,3;3,9;2,0;-2,0;297;1,6
"2022-02-23 01:00";0,0;2,1;0,25;64,8;3,9;2,4;-2,2;292;1,7
"2022-02-23 00:00";0,1;2,9;0,26;62,7;3,9;2,4;-2,2;285;1,5
"2022-02-22 23:00";0,2;4,2;0,26;61,5;3,9;2,4;-2,1;292;1,6
"2022-02-22 22:00";0,2;5,4;0,28;59,6;3,9;2,4;-2,2;293;1,9
"2022-02-22 21:00";0,1;8,1;0,30;56,8;3,9;2,4;-1,8;294;1,7
"2022-02-22 20:00";0,3;9,6;0,27;55,7;11,3;2,4;-1,3;295;1,9
"2022-02-22 19:00";0,1;8,8;0,29;56,9;18,7;2,4;-0,7;295;2,1
"2022-02-22 18:00";0,1;11,1;0,29;52,2;18,7;2,4;-0,0;294;2,0
"2022-02-22 17:00";0,1;11,2;0,30;48,4;21,9;3,6;0,6;295;1,6
"2022-02-22 16:00";0,1;16,8;0,28;49,7;25,0;4,7;1,8;290;1,5
"2022-02-22 15:00";0,2;12,2;0,28;57,4;25,0;4,7;2,3;279;1,2
"2022-02-22 14:00";0,1;9,3;0,28;60,8;16,4;5,5;2,4;285;1,4
"2022-02-22 13:00";0,2;11,0;0,29;55,3;7,8;6,3;2,4;283;1,0
"2022-02-22 12:00";0,3;8,1;0,28;56,8;7,8;6,3;2,5;279;1,0
"2022-02-22 11:00";0,3;10,0;0,30;55,3;5,9;4,0;2,4;258;0,9
"2022-02-22 10:00";0,3;20,3;0,51;47,7;3,9;1,6;2,0;207;0,7
"2022-02-22 09:00";0,4;44,5;0,63;27,0;3,9;1,6;1,5;182;0,9
"2022-02-22 08:00";0,1;30,2;0,57;38,3;3,9;1,6;1,4;164;0,8
"2022-02-22 07:00";0,0;8,1;0,26;60,6;3,9;1,6;1,6;143;1,0
"2022-02-22 06:00";0,1;1,7;0,23;70,4;3,9;1,6;2,2;157;1,8
"2022-02-22 05:00";0,1;1,4;0,18;73,1;5,1;2,4;2,2;161;1,7
"2022-02-22 04:00";-0,0;0,1;0,16;71,9;6,2;3,2;1,5;153;1,7
"2022-02-22 03:00";-0,0;0,0;0,16;73,4;6,2;3,2;1,6;143;1,8
"2022-02-22 02:00";0,0;-0,1;0,17;76,4;7,0;3,6;2,1;148;1,8
"2022-02-22 01:00";0,1;0,7;0,19;78,1;7,8;4,0;2,7;151;1,8
"2022-02-22 00:00";0,2;2,4;0,24;80,2;7,8;4,0;3,1;160;1,9
"2022-02-21 23:00";0,2;4,4;0,25;78,5;7,0;4,0;3,4;161;2,2
"2022-02-21 22:00";0,2;4,8;0,29;76,4;6,2;4,0;3,2;163;2,2
"2022-02-21 21:00";0,3;11,4;0,40;63,8;6,2;4,0;2,7;163;1,8
"2022-02-21 20:00";0,1;18,7;0,43;33,5;5,9;4,0;1,9;156;1,4
"2022-02-21 19:00";0,1;14,7;0,38;34,5;5,5;4,0;1,7;147;1,7
"2022-02-21 18:00";0,0;15,4;0,35;36,2;5,5;4,0;1,3;140;2,1
"2022-02-21 17:00";0,1;12,4;0,30;42,9;5,5;3,2;0,8;125;2,9
"2022-02-21 16:00";0,2;12,3;0,27;46,4;5,5;2,4;0,6;121;3,0
"2022-02-21 15:00";0,1;8,9;0,24;52,5;5,5;2,4;0,4;122;3,4
"2022-02-21 14:00";0,1;7,4;0,25;56,2;4,7;2,0;0,2;118;3,5
"2022-02-21 13:00";0,1;7,6;0,31;59,6;3,9;1,6;0,2;111;3,3
"2022-02-21 12:00";0,1;5,4;0,22;62,1;3,9;1,6;0,3;108;3,0
"2022-02-21 11:00";0,1;5,9;0,24;61,9;3,1;0,8;0,4;117;3,2
"2022-02-21 10:00";0,0;7,3;0,23;60,2;2,3;0,0;0,1;122;2,9
"2022-02-21 09:00";0,1;11,5;0,21;53,5;2,3;0,0;-0,4;123;2,2
"2022-02-21 08:00";-0,0;9,8;0,26;56,2;2,7;0,4;-0,9;132;1,6
"2022-02-21 07:00";-0,0;3,6;0,21;66,2;3,1;0,8;-1,0;139;1,6
"2022-02-21 06:00";-0,0;0,6;0,18;72,0;3,1;0,8;-0,8;144;1,3
"2022-02-21 05:00";0,1;1,5;0,20;72,1;4,3;1,6;-0,5;166;1,3
"2022-02-21 04:00";0,1;-0,3;0,20;75,7;5,5;2,4;-0,3;189;1,5
"2022-02-21 03:00";0,1;0,5;0,21;74,3;5,5;2,4;-0,2;199;1,4
"2022-02-21 02:00";0,3;-0,6;0,19;76,1;5,9;2,8;-0,2;223;1,1
"2022-02-21 01:00";0,1;2,0;0,26;70,9;6,2;3,2;-0,3;211;1,3
"2022-02-21 00:00";0,3;1,5;0,25;69,1;6,2;3,2;0,2;219;1,2
"2022-02-20 23:00";0,3;3,2;0,31;67,5;15,2;10,7;0,5;227;1,0
"2022-02-20 22:00";0,3;3,9;0,29;67,8;24,2;18,2;0,8;227;1,0
"2022-02-20 21:00";0,3;4,8;0,32;69,0;24,2;18,2;0,9;230;0,8
"2022-02-20 20:00";0,2;12,3;0,52;60,1;18,4;13,4;1,3;207;1,1
"2022-02-20 19:00";0,3;20,1;0,81;51,6;12,5;8,7;1,4;199;1,2
"2022-02-20 18:00";0,3;18,9;0,81;54,9;12,5;8,7;1,6;209;1,0
"2022-02-20 17:00";0,2;9,8;0,37;63,4;11,7;7,5;1,7;230;1,1
"2022-02-20 16:00";0,3;11,9;0,53;60,8;10,9;6,3;1,8;208;1,0
"2022-02-20 15:00";0,2;11,5;0,40;59,2;10,9;6,3;1,6;180;1,4
"2022-02-20 14:00";0,2;6,3;0,34;65,0;9,8;6,3;2,6;179;1,7
"2022-02-20 13:00";0,3;4,8;0,34;67,0;8,6;6,3;2,7;186;1,9
"2022-02-20 12:00";0,3;6,6;0,37;62,8;8,6;6,3;1,7;180;1,8
"2022-02-20 11:00";0,4;7,0;0,41;58,5;6,2;4,0;0,8;185;1,8
"2022-02-20 10:00";0,3;5,7;0,35;58,3;3,9;1,6;0,4;183;2,0
"2022-02-20 09:00";0,1;5,2;0,34;60,2;3,9;1,6;-0,4;190;1,8
"2022-02-20 08:00";0,1;4,0;0,26;63,1;3,9;1,2;-0,7;196;1,5
"2022-02-20 07:00";0,1;3,3;0,22;65,9;3,9;0,8;-0,8;202;1,4
"2022-02-20 06:00";0,4;0,0;0,18;72,1;3,9;0,8;-0,2;229;1,1
"2022-02-20 05:00";0,4;0,7;0,18;69,2;3,1;0,8;-0,6;233;1,1
"2022-02-20 04:00";0,2;0,7;0,20;63,0;2,3;0,8;-1,3;218;0,9
"2022-02-20 03:00";0,4;1,5;0,21;61,5;2,3;0,8;-1,3;232;1,1
"2022-02-20 02:00";0,3;2,0;0,17;61,4;3,9;2,8;-0,8;262;1,2
"2022-02-20 01:00";-0,0;0,7;0,20;63,8;5,5;4,7;-0,2;283;1,6
"2022-02-20 00:00";0,0;2,9;0,18;63,6;5,5;4,7;0,3;288;1,7
"2022-02-19 23:00";0,0;2,9;0,21;63,0;8,2;5,9;0,8;296;2,1
"2022-02-19 22:00";-0,0;3,5;0,21;63,4;10,9;7,1;0,9;305;2,3
"2022-02-19 21:00";-0,0;5,9;0,25;62,3;10,9;7,1;0,9;309;2,4
"2022-02-19 20:00";0,1;8,6;0,30;57,1;10,2;6,7;1,0;310;1,9
"2022-02-19 19:00";0,0;9,5;0,32;60,3;9,4;6,3;1,5;308;1,6
"2022-02-19 18:00";0,5;13,3;0,41;60,6;9,4;6,3;2,0;262;0,8
"2022-02-19 17:00";0,3;10,9;0,41;63,3;7,4;5,1;2,2;220;0,7
"2022-02-19 16:00";0,2;11,5;0,49;63,5;5,5;4,0;1,9;214;0,8
"2022-02-19 15:00";0,2;11,4;0,44;62,2;5,5;4,0;2,2;203;0,9
"2022-02-19 14:00";0,1;12,7;0,45;59,3;5,1;2,8;2,4;199;1,6
"2022-02-19 13:00";0,1;9,6;0,34;60,1;4,7;1,6;2,4;190;2,4
"2022-02-19 12:00";0,1;15,6;0,30;52,2;4,7;1,6;1,2;152;1,3
"2022-02-19 11:00";-0,0;8,6;0,21;60,9;6,2;1,6;0,7;145;1,6
"2022-02-19 10:00";-0,0;3,2;0,23;69,2;7,8;1,6;0,5;136;2,2
"2022-02-19 09:00";-0,0;1,8;0,21;73,1;7,8;1,6;0,4;111;2,5
"2022-02-19 08:00";-0,1;0,5;0,18;74,9;8,2;2,0;0,6;100;2,7
"2022-02-19 07:00";-0,0;0,7;0,17;73,2;8,6;2,4;1,1;100;2,5
"2022-02-19 06:00";-0,0;0,6;0,18;74,3;8,6;2,4;1,7;144;2,5
"2022-02-19 05:00";0,0;0,1;0,18;73,8;8,6;3,2;1,7;149;2,5
"2022-02-19 04:00";0,0;-0,0;0,18;74,1;8,6;4,0;1,8;152;1,9
"2022-02-19 03:00";0,1;1,4;0,20;74,8;8,6;4,0;2,2;165;1,8
"2022-02-19 02:00";0,1;1,8;0,21;71,7;9,0;5,9;2,4;177;1,8
"2022-02-19 01:00";0,0;1,6;0,21;71,4;9,4;7,9;2,5;185;2,2
"2022-02-19 00:00";0,1;1,2;0,22;69,2;9,4;7,9;2,3;189;2,2
"2022-02-18 23:00";0,1;3,5;0,28;65,7;12,1;8,3;2,0;187;1,9
"2022-02-18 22:00";0,2;6,5;0,36;64,1;14,8;8,7;1,9;191;1,9
"2022-02-18 21:00";0,2;8,2;0,39;64,5;14,8;8,7;2,0;197;1,6
"2022-02-18 20:00";0,2;12,3;0,54;62,4;10,5;6,3;1,8;195;1,7
"2022-02-18 19:00";0,3;12,5;0,48;65,4;6,2;4,0;2,2;200;1,6
"2022-02-18 18:00";0,3;12,6;0,40;66,7;6,2;4,0;2,7;207;1,5
"2022-02-18 17:00";0,2;9,1;0,30;68,1;6,2;3,6;2,7;212;1,7
"2022-02-18 16:00";0,2;7,8;0,32;65,0;6,2;3,2;2,8;209;1,3
"2022-02-18 15:00";0,4;6,8;0,29;63,5;6,2;3,2;2,7;227;1,3
"2022-02-18 14:00";0,5;4,9;0,27;63,6;5,5;2,8;2,9;228;1,4
"2022-02-18 13:00";0,4;5,9;0,29;60,5;4,7;2,4;2,2;222;1,4
"2022-02-18 12:00";0,4;7,4;0,29;61,5;4,7;2,4;2,0;221;1,0
"2022-02-18 11:00";0,4;5,6;0,27;66,7;4,3;1,6;1,3;224;1,2
"2022-02-18 10:00";0,3;7,6;0,29;67,6;3,9;0,8;1,0;222;1,5
"2022-02-18 09:00";0,6;11,6;0,29;65,3;3,9;0,8;0,5;230;1,2
"2022-02-18 08:00";0,5;6,9;0,19;68,8;3,9;1,2;0,3;232;1,2
"2022-02-18 07:00";0,1;2,5;0,19;71,8;3,9;1,6;0,3;240;1,2
"2022-02-18 06:00";0,1;0,2;0,14;74,1;3,9;1,6;0,4;236;1,4
"2022-02-18 05:00";0,0;0,0;0,16;72,7;4,3;2,4;0,3;248;1,3
"2022-02-18 04:00";0,1;-0,3;0,13;75,7;4,7;3,2;0,7;248;1,5
"2022-02-18 03:00";0,2;1,5;0,17;77,1;4,7;3,2;0,7;251;1,9
"2022-02-18 02:00";0,2;1,5;0,16;72,8;6,2;4,0;0,7;251;1,7
"2022-02-18 01:00";0,1;3,0;0,21;62,3;7,8;4,7;0,7;262;1,8
"2022-02-18 00:00";0,2;3,4;0,20;57,5;7,8;4,7;0,9;250;1,7
"2022-02-17 23:00";0,2;5,0;0,28;48,8;7,8;4,7;1,0;254;1,5
"2022-02-17 22:00";0,2;5,8;0,32;56,8;7,8;4,7;1,6;235;1,4
"2022-02-17 21:00";0,2;10,2;0,48;69,8;7,8;4,7;3,0;214;1,1
"2022-02-17 20:00";0,1;16,6;0,44;62,1;6,2;3,6;3,5;166;1,3
"2022-02-17 19:00";0,0;18,2;0,34;55,7;4,7;2,4;3,7;147;1,6
"2022-02-17 18:00";0,1;17,5;0,29;52,5;4,7;2,4;3,7;140;1,8
"2022-02-17 17:00";0,1;19,5;0,27;49,1;4,3;2,0;3,9;130;2,0
"2022-02-17 16:00";0,1;18,3;0,29;49,7;3,9;1,6;4,0;133;2,3
"2022-02-17 15:00";0,1;16,0;0,31;47,7;3,9;1,6;3,7;141;2,5
"2022-02-17 14:00";0,1;13,7;0,30;48,8;3,9;2,0;3,4;140;2,7
"2022-02-17 13:00";0,1;10,4;0,29;53,0;3,9;2,4;3,2;137;3,2
"2022-02-17 12:00";0,1;9,6;0,27;54,3;3,9;2,4;3,4;132;3,3
"2022-02-17 11:00";0,1;10,9;0,27;54,5;4,7;2,8;3,7;138;3,3
"2022-02-17 10:00";0,1;13,8;0,28;52,5;5,5;3,2;4,1;140;3,2
"2022-02-17 09:00";0,2;14,7;0,27;51,2;5,5;3,2;4,2;143;3,1
"2022-02-17 08:00";0,3;7,9;0,27;58,3;6,2;4,6;4,2;147;3,3
"2022-02-17 07:00";0,1;4,8;0,27;62,7;7,0;6,0;3,9;149;3,1
"2022-02-17 06:00";0,1;2,9;0,25;66,3;7,0;6,0;3,5;150;3,4
"2022-02-17 05:00";0,1;2,6;0,26;68,0;10,9;8,5;2,9;148;3,1
"2022-02-17 04:00";0,0;2,6;0,27;68,4;14,8;11,1;2,5;139;3,3
"2022-02-17 03:00";0,1;3,1;0,27;67,3;14,8;11,1;2,4;135;3,2
"2022-02-17 02:00";0,1;3,5;0,30;66,1;14,8;11,5;2,2;128;2,6
"2022-02-17 01:00";0,1;4,4;0,30;64,5;14,8;11,9;2,3;129;2,7
"2022-02-17 00:00";0,2;4,5;0,31;60,9;14,8;11,9;2,2;127;2,6
"2022-02-16 23:00";0,2;5,9;0,30;59,4;17,6;13,4;2,2;125;2,0
"2022-02-16 22:00";0,2;9,6;0,34;55,3;20,3;15,0;2,4;137;1,7
"2022-02-16 21:00";0,3;11,5;0,39;54,9;20,3;15,0;2,7;147;1,9
"2022-02-16 20:00";0,4;14,3;0,46;53,5;21,9;15,8;2,8;156;1,8
"2022-02-16 19:00";0,4;12,3;0,43;57,8;23,4;16,6;3,0;155;2,3
"2022-02-16 18:00";0,4;14,6;0,38;60,3;23,4;16,6;3,2;154;2,6
"2022-02-16 17:00";0,4;17,5;0,41;55,5;24,2;16,6;3,5;153;2,3
"2022-02-16 16:00";0,5;16,5;0,37;54,9;25,0;16,6;3,8;148;2,6
"2022-02-16 15:00";0,4;16,1;0,30;52,4;25,0;16,6;3,5;141;2,5
"2022-02-16 14:00";0,3;19,7;0,34;44,6;21,5;13,1;3,0;135;2,3
"2022-02-16 13:00";0,4;15,2;0,34;46,7;18,0;9,5;3,4;150;2,5
"2022-02-16 12:00";0,5;10,8;0,30;51,8;18,0;9,5;3,6;143;2,9
"2022-02-16 11:00";0,3;20,0;0,34;46,6;16,0;8,7;2,2;156;2,1
"2022-02-16 10:00";0,4;33,6;0,30;38,2;14,1;7,9;1,3;158;1,8
"2022-02-16 09:00";0,5;46,5;0,35;29,0;14,1;7,9;1,3;168;1,6
"2022-02-16 08:00";0,2;19,8;0,35;51,8;14,4;9,1;1,8;179;1,9
"2022-02-16 07:00";0,3;6,6;0,26;65,2;14,8;10,3;2,6;180;2,2
"2022-02-16 06:00";0,4;3,5;0,24;66,6;14,8;10,3;2,9;186;2,0
"2022-02-16 05:00";0,4;4,2;0,24;66,6;17,6;12,7;3,0;187;2,0
"2022-02-16 04:00";0,5;3,2;0,25;66,8;20,3;15,0;3,2;188;2,2
"2022-02-16 03:00";0,6;3,6;0,27;66,2;20,3;15,0;3,5;188;2,1
"2022-02-16 02:00";0,7;3,4;0,29;66,5;21,9;16,6;3,5;180;2,5
"2022-02-16 01:00";0,8;5,1;0,32;65,6;23,4;18,2;3,3;183;2,2
"2022-02-16 00:00";1,0;5,6;0,35;67,4;23,4;18,2;3,3;179;2,2
"2022-02-15 23:00";1,1;7,4;0,40;68,8;25,8;19,8;3,1;173;2,3
"2022-02-15 22:00";1,0;7,9;0,41;69,9;28,1;21,4;2,9;177;2,5
"2022-02-15 21:00";1,3;9,4;0,44;70,7;28,1;21,4;2,9;174;2,3
"2022-02-15 20:00";1,7;12,5;0,50;70,3;25,0;18,2;3,2;179;2,4
"2022-02-15 19:00";2,9;16,8;0,55;68,9;21,9;15,0;3,8;176;2,3
"2022-02-15 18:00";2,3;22,0;0,49;65,8;21,9;15,0;3,9;173;2,1
"2022-02-15 17:00";2,4;23,4;0,38;66,4;21,9;14,6;4,1;163;2,0
"2022-02-15 16:00";2,4;17,8;0,37;72,2;21,9;14,2;4,6;157;2,1
"2022-02-15 15:00";2,0;16,7;0,33;72,1;21,9;14,2;4,7;149;2,4
"2022-02-15 14:00";2,1;15,2;0,33;74,3;24,6;17,0;4,7;154;2,4
"2022-02-15 13:00";1,9;14,8;0,33;73,3;27,3;19,8;5,1;160;1,9
"2022-02-15 12:00";1,9;13,2;0,35;69,1;27,3;19,8;4,5;160;1,9
"2022-02-15 11:00";1,8;13,0;0,39;63,7;25,0;18,2;3,3;163;2,0
"2022-02-15 10:00";1,7;20,4;0,40;54,1;22,6;16,6;2,3;165;1,9
"2022-02-15 09:00";1,7;34,6;0,64;40,7;22,6;16,6;1,6;184;1,6
"2022-02-15 08:00";1,7;17,6;0,49;55,6;21,1;14,6;1,8;183;2,1
"2022-02-15 07:00";1,9;8,1;0,35;64,0;19,5;12,7;2,2;183;2,0
"2022-02-15 06:00";2,1;5,3;0,30;67,4;19,5;12,7;2,6;184;2,1
"2022-02-15 05:00";2,1;4,6;0,30;68,6;17,2;11,9;2,7;187;2,2
"2022-02-15 04:00";2,2;4,4;0,30;69,3;14,8;11,1;2,7;186;2,4
"2022-02-15 03:00";2,4;4,3;0,30;70,1;14,8;11,1;2,8;187;2,0
"2022-02-15 02:00";2,4;6,2;0,31;69,4;15,2;11,1;2,7;190;2,0
"2022-02-15 01:00";1,9;6,6;0,32;71,4;15,6;11,1;2,7;192;1,9
"2022-02-15 00:00";1,1;8,3;0,32;73,0;15,6;11,1;2,9;191;2,1
"2022-02-14 23:00";0,8;5,7;0,34;77,1;20,3;14,6;3,4;191;2,1
"2022-02-14 22:00";0,8;8,0;0,42;76,1;25,0;18,2;3,9;193;2,1
"2022-02-14 21:00";0,9;9,6;0,47;75,1;25,0;18,2;4,2;194;2,1
"2022-02-14 20:00";1,1;12,5;0,57;72,8;22,6;16,6;4,1;187;2,2
"2022-02-14 19:00";1,2;17,8;0,54;67,7;20,3;15,0;4,0;182;2,3
"2022-02-14 18:00";1,4;30,4;0,63;56,7;20,3;15,0;3,9;181;1,9
"2022-02-14 17:00";1,9;31,8;0,56;52,0;18,7;13,8;3,8;183;1,7
"2022-02-14 16:00";1,3;15,9;0,42;62,4;17,2;12,7;3,8;190;1,6
"2022-02-14 15:00";0,9;11,5;0,41;64,6;17,2;12,7;3,5;190;1,9
"2022-02-14 14:00";1,0;9,9;0,37;63,6;17,6;13,4;3,2;182;2,0
"2022-02-14 13:00";0,9;8,6;0,37;62,3;18,0;14,2;2,6;186;2,1
"2022-02-14 12:00";1,0;9,2;0,41;59,8;18,0;14,2;2,2;193;1,8
"2022-02-14 11:00";1,0;9,3;0,42;57,8;16,0;11,9;1,4;189;2,1
"2022-02-14 10:00";1,0;9,7;0,39;56,3;14,1;9,5;0,6;185;2,3
"2022-02-14 09:00";1,0;14,8;0,37;52,1;14,1;9,5;0,8;183;2,3
"2022-02-14 08:00";0,9;11,0;0,37;55,0;13,3;9,1;1,1;186;2,3
"2022-02-14 07:00";0,8;4,5;0,28;61,1;12,5;8,7;1,4;190;2,2
"2022-02-14 06:00";0,7;3,4;0,27;62,7;12,5;8,7;1,5;189;2,2
"2022-02-14 05:00";0,7;3,3;0,26;63,7;12,9;9,1;1,6;193;1,9
"2022-02-14 04:00";0,7;2,5;0,27;64,9;13,3;9,5;1,6;190;2,0
"2022-02-14 03:00";0,7;2,7;0,27;65,5;13,3;9,5;1,9;194;1,9
"2022-02-14 02:00";0,8;5,9;0,28;62,9;14,4;10,3;2,1;194;2,2
"2022-02-14 01:00";0,7;5,3;0,29;64,2;15,6;11,1;2,2;197;2,1
"2022-02-14 00:00";0,7;4,6;0,31;65,5;15,6;11,1;2,3;199;1,9
"2022-02-13 23:00";0,7;4,6;0,34;65,8;16,4;12,3;2,4;203;2,2
"2022-02-13 22:00";0,8;6,0;0,39;64,6;17,2;13,4;2,4;196;2,1
"2022-02-13 21:00";0,9;7,4;0,42;63,2;17,2;13,4;2,2;191;2,4
"2022-02-13 20:00";0,9;7,9;0,43;62,2;16,8;12,3;2,0;189;2,6
"2022-02-13 19:00";1,1;8,8;0,45;62,0;16,4;11,1;1,8;188;3,0
"2022-02-13 18:00";0,9;8,6;0,41;64,4;16,4;11,1;1,8;184;2,6
"2022-02-13 17:00";0,8;7,1;0,39;67,6;15,2;9,9;2,0;189;2,7
"2022-02-13 16:00";0,8;7,5;0,41;67,1;14,1;8,7;2,0;188;2,6
"2022-02-13 15:00";0,7;7,8;0,38;66,8;14,1;8,7;1,7;186;2,8
"2022-02-13 14:00";0,5;5,4;0,34;68,0;13,7;6,7;1,3;186;2,6
"2022-02-13 13:00";0,5;5,1;0,33;68,0;13,3;4,7;1,1;188;2,9
"2022-02-13 12:00";0,4;5,6;0,39;68,4;13,3;4,7;1,1;189;2,7
"2022-02-13 11:00";0,5;5,1;0,36;70,4;10,5;3,2;1,0;192;2,6
"2022-02-13 10:00";0,4;3,1;0,30;74,8;7,8;1,6;1,0;190;2,7
"2022-02-13 09:00";0,5;2,2;0,25;77,0;7,8;1,6;1,0;189;2,5
"2022-02-13 08:00";0,2;1,2;0,24;78,3;7,8;1,6;1,0;190;2,3
"2022-02-13 07:00";0,1;0,8;0,21;79,7;7,8;1,6;1,3;192;2,5
"2022-02-13 06:00";0,1;2,1;0,19;78,8;7,8;1,6;1,3;192;2,4
"2022-02-13 05:00";0,1;2,1;0,19;79,1;8,2;2,0;1,4;202;1,8
"2022-02-13 04:00";0,1;2,1;0,18;79,9;8,6;2,4;1,6;212;1,6
"2022-02-13 03:00";0,0;2,2;0,19;78,5;8,6;2,4;1,9;212;1,5
"2022-02-13 02:00";0,1;0,5;0,18;80,5;8,6;4,0;2,0;216;2,0
"2022-02-13 01:00";0,1;0,4;0,19;79,4;8,6;5,5;2,0;214;1,8
"2022-02-13 00:00";0,1;2,7;0,21;76,4;8,6;5,5;1,7;222;1,5
"2022-02-12 23:00";0,4;4,3;0,22;73,6;11,7;6,3;1,8;226;1,4
"2022-02-12 22:00";0,4;2,5;0,22;75,3;14,8;7,1;2,0;233;1,6
"2022-02-12 21:00";0,4;2,6;0,25;74,6;14,8;7,1;2,0;226;1,7
"2022-02-12 20:00";0,3;5,8;0,35;72,1;12,1;6,3;1,9;223;1,3
"2022-02-12 19:00";0,2;7,7;0,40;71,0;9,4;5,5;1,6;220;1,3
"2022-02-12 18:00";0,3;7,5;0,35;70,9;9,4;5,5;1,7;223;1,3
"2022-02-12 17:00";0,3;6,3;0,33;73,4;9,0;5,9;2,3;223;1,5
"2022-02-12 16:00";0,4;6,5;0,30;73,1;8,6;6,3;2,4;221;1,4
"2022-02-12 15:00";0,4;7,1;0,32;72,8;8,6;6,3;2,2;221;1,8
"2022-02-12 14:00";0,4;5,9;0,31;73,1;11,3;6,3;1,8;221;1,6
"2022-02-12 13:00";0,4;6,3;0,33;72,2;14,1;6,3;1,2;213;1,8
"2022-02-12 12:00";0,3;6,7;0,35;71,5;14,1;6,3;0,5;211;2,0
"2022-02-12 11:00";0,2;6,9;0,41;69,9;9,0;3,6;-0,4;201;1,7
"2022-02-12 10:00";0,3;7,1;0,41;68,4;3,9;0,8;-1,6;196;1,8
"2022-02-12 09:00";0,2;7,4;0,38;67,1;3,9;0,8;-3,2;196;2,0
"2022-02-12 08:00";0,1;7,2;0,26;66,3;3,5;0,8;-3,1;203;1,8
"2022-02-12 07:00";-0,0;1,1;0,22;72,1;3,1;0,8;-2,7;211;1,4
"2022-02-12 06:00";0,1;1,6;0,21;71,6;3,1;0,8;-2,4;221;1,1
"2022-02-12 05:00";0,0;2,0;0,20;70,8;3,5;1,2;-1,7;235;1,1
"2022-02-12 04:00";0,5;9,7;0,20;65,4;3,9;1,6;-1,1;247;1,3
"2022-02-12 03:00";0,4;3,0;0,20;70,2;3,9;1,6;-1,4;268;1,2
"2022-02-12 02:00";0,1;1,8;0,20;71,9;4,7;2,4;-1,3;279;1,4
"2022-02-12 01:00";0,2;2,4;0,20;72,4;5,5;3,2;-1,6;271;1,2
"2022-02-12 00:00";0,1;2,3;0,20;73,9;5,5;3,2;-1,2;275;1,2
"2022-02-11 23:00";0,2;3,1;0,21;75,0;6,2;3,6;-0,7;275;1,2
"2022-02-11 22:00";0,3;7,0;0,24;72,5;7,0;4,0;-0,9;272;1,1
"2022-02-11 21:00";0,5;11,6;0,32;69,4;7,0;4,0;-0,3;260;1,0
"2022-02-11 20:00";0,7;16,8;0,35;64,6;7,4;4,0;0,4;261;0,9
"2022-02-11 19:00";0,5;18,6;0,32;62,6;7,8;4,0;1,1;269;0,9
"2022-02-11 18:00";0,1;24,7;0,27;56,9;7,8;4,0;1,3;272;0,9
"2022-02-11 17:00";0,2;16,3;0,24;65,8;8,6;4,0;2,0;271;1,1
"2022-02-11 16:00";0,1;15,1;0,27;66,9;9,4;4,0;2,7;262;1,0
"2022-02-11 15:00";0,6;9,7;0,27;72,7;9,4;4,0;3,1;232;0,9
"2022-02-11 14:00";0,3;6,2;0,24;75,0;9,4;4,0;3,4;239;1,0
"2022-02-11 13:00";0,8;6,5;0,24;73,5;9,4;4,0;3,2;251;1,5
"2022-02-11 12:00";0,7;7,4;0,27;71,5;9,4;4,0;2,6;257;1,1
"2022-02-11 11:00";0,6;9,9;0,25;67,7;8,6;3,2;2,0;251;1,3
"2022-02-11 10:00";0,6;11,2;0,26;65,7;7,8;2,4;1,5;248;1,0
"2022-02-11 09:00";0,5;14,3;0,24;63,4;7,8;2,4;1,2;244;1,4
"2022-02-11 08:00";0,5;8,3;0,23;68,4;7,4;2,0;1,3;244;1,3
"2022-02-11 07:00";0,5;4,9;0,19;71,4;7,0;1,6;1,5;250;1,3
"2022-02-11 06:00";0,4;2,9;0,17;72,9;7,0;1,6;1,6;241;1,3
"2022-02-11 05:00";0,4;1,5;0,17;73,9;7,4;3,2;1,7;245;1,3
"2022-02-11 04:00";0,0;0,5;0,17;74,7;7,8;4,7;2,0;241;1,2
"2022-02-11 03:00";0,0;0,2;0,18;74,7;7,8;4,7;2,1;225;1,0
"2022-02-11 02:00";0,1;0,8;0,18;75,0;10,2;6,7;2,1;229;1,0
"2022-02-11 01:00";0,0;0,8;0,20;75,9;12,5;8,7;2,1;225;1,2
"2022-02-11 00:00";0,2;3,1;0,24;73,6;12,5;8,7;2,2;228;1,1
"2022-02-10 23:00";0,3;5,6;0,31;72,5;16,0;10,3;2,4;228;1,1
"2022-02-10 22:00";0,4;5,5;0,34;74,8;19,5;11,9;2,6;219;1,3
"2022-02-10 21:00";0,5;6,1;0,34;74,6;19,5;11,9;2,5;225;1,3
"2022-02-10 20:00";0,3;9,1;0,41;71,9;15,6;8,3;2,5;216;1,4
"2022-02-10 19:00";0,3;13,7;0,54;68,4;11,7;4,7;2,6;207;1,6
"2022-02-10 18:00";0,2;11,0;0,41;70,6;11,7;4,7;2,7;207;1,7
"2022-02-10 17:00";0,2;8,8;0,26;70,9;11,7;4,7;2,7;215;1,6
"2022-02-10 16:00";0,2;7,2;0,26;72,4;11,7;4,7;2,9;211;1,9
"2022-02-10 15:00";0,3;5,5;0,26;74,2;11,7;4,7;3,1;213;1,8
"2022-02-10 14:00";0,3;7,6;0,28;71,0;10,5;4,0;2,7;213;1,5
"2022-02-10 13:00";0,4;6,6;0,25;72,4;9,4;3,2;2,8;228;1,4
"2022-02-10 12:00";0,5;4,9;0,25;75,2;9,4;3,2;2,7;224;1,6
"2022-02-10 11:00";0,2;5,0;0,25;73,2;7,8;2,4;2,1;222;1,5
"2022-02-10 10:00";0,1;9,9;0,28;68,2;6,2;1,6;1,3;218;1,6
"2022-02-10 09:00";0,2;13,1;0,30;64,7;6,2;1,6;0,8;223;1,1
"2022-02-10 08:00";0,1;7,3;0,26;69,3;5,9;1,2;0,6;224;1,4
"2022-02-10 07:00";0,0;2,7;0,19;72,6;5,5;0,8;0,7;228;1,2
"2022-02-10 06:00";0,1;1,5;0,17;72,5;5,5;0,8;1,2;232;1,3
"2022-02-10 05:00";0,0;-0,1;0,16;73,6;5,9;2,0;1,9;244;1,3
"2022-02-10 04:00";0,0;0,2;0,17;72,6;6,2;3,2;2,6;246;1,4
"2022-02-10 03:00";0,3;0,8;0,17;70,0;6,2;3,2;2,7;239;1,3
"2022-02-10 02:00";0,3;0,8;0,18;67,9;7,4;5,5;2,8;237;1,0
"2022-02-10 01:00";0,0;2,8;0,21;65,8;8,6;7,9;2,5;208;1,3
"2022-02-10 00:00";0,0;3,9;0,25;65,6;8,6;7,9;2,1;196;1,4
"2022-02-09 23:00";0,0;3,2;0,29;68,1;14,1;9,1;2,1;192;2,1
"2022-02-09 22:00";0,2;5,3;0,32;67,5;19,5;10,3;2,2;183;2,0
"2022-02-09 21:00";0,4;7,9;0,37;66,6;19,5;10,3;2,2;181;2,1
"2022-02-09 20:00";0,2;7,8;0,43;68,4;16,0;7,9;2,2;187;2,2
"2022-02-09 19:00";0,3;13,5;0,51;63,7;12,5;5,5;2,0;192;1,8
"2022-02-09 18:00";0,3;13,9;0,42;62,2;12,5;5,5;1,9;194;2,0
"2022-02-09 17:00";0,2;11,3;0,34;65,5;10,5;5,5;2,2;195;2,0
"2022-02-09 16:00";0,2;10,5;0,34;66,2;8,6;5,5;2,3;211;1,4
"2022-02-09 15:00";0,3;9,9;0,34;67,2;8,6;5,5;2,3;207;1,5
"2022-02-09 14:00";0,2;8,8;0,31;67,1;7,4;4,7;1,8;216;1,5
"2022-02-09 13:00";0,2;8,5;0,27;63,8;6,2;4,0;1,4;211;1,6
"2022-02-09 12:00";0,2;8,5;0,30;59,7;6,2;4,0;1,0;205;1,6
"2022-02-09 11:00";0,2;10,4;0,37;55,8;4,7;2,4;0,1;205;1,6
"2022-02-09 10:00";0,2;12,7;0,35;53,4;3,1;0,8;-0,0;213;1,3
"2022-02-09 09:00";0,3;14,7;0,41;51,6;3,1;0,8;-0,2;220;1,1
"2022-02-09 08:00";0,4;10,2;0,27;58,3;3,1;1,2;-0,0;236;1,2
"2022-02-09 07:00";0,2;6,7;0,19;64,9;3,1;1,6;0,2;265;1,2
"2022-02-09 06:00";0,2;3,1;0,18;68,9;3,1;1,6;0,4;272;1,2
"2022-02-09 05:00";0,0;1,2;0,18;67,5;4,3;2,4;0,6;285;1,2
"2022-02-09 04:00";-0,0;2,5;0,18;60,0;5,5;3,2;0,7;290;1,1
"2022-02-09 03:00";-0,0;2,3;0,18;58,3;5,5;3,2;0,8;285;1,2
"2022-02-09 02:00";-0,0;1,9;0,20;55,2;7,0;4,0;0,9;292;1,5
"2022-02-09 01:00";0,0;4,9;0,22;50,2;8,6;4,7;0,8;282;1,0
"2022-02-09 00:00";0,1;6,9;0,37;48,3;8,6;4,7;0,7;200;0,6
"2022-02-08 23:00";0,5;13,8;0,38;45,0;9,8;5,5;0,5;158;1,0
"2022-02-08 22:00";0,6;13,9;0,32;47,5;10,9;6,3;0,3;154;1,3
"2022-02-08 21:00";0,4;10,8;0,32;52,7;10,9;6,3;0,2;144;1,6
"2022-02-08 20:00";0,3;10,2;0,40;55,2;11,7;6,3;0,1;149;2,1
"2022-02-08 19:00";0,2;11,6;0,33;55,1;12,5;6,3;0,0;151;2,2
"2022-02-08 18:00";0,2;20,3;0,28;49,8;12,5;6,3;0,2;146;2,1
"2022-02-08 17:00";1,5;29,6;0,38;44,7;9,4;5,1;0,8;171;2,1
"2022-02-08 16:00";0,4;29,4;0,36;42,5;6,2;4,0;0,8;176;1,7
"2022-02-08 15:00";0,3;14,7;0,39;55,3;6,2;4,0;0,7;186;1,7
"2022-02-08 14:00";0,3;13,4;0,35;57,3;5,5;3,2;0,4;208;1,2
"2022-02-08 13:00";0,3;12,4;0,35;59,2;4,7;2,4;0,0;206;1,6
"2022-02-08 12:00";0,5;6,5;0,28;64,7;4,7;2,4;-0,4;225;1,3
"2022-02-08 11:00";0,8;10,5;0,29;60,9;3,9;2,0;-0,4;241;1,1
"2022-02-08 10:00";0,6;13,7;0,26;55,6;3,1;1,6;-0,4;250;1,3
"2022-02-08 09:00";0,2;22,9;0,26;45,9;3,1;1,6;-0,2;262;1,3
"2022-02-08 08:00";0,1;14,2;0,27;51,1;3,9;1,6;-0,0;253;0,9
"2022-02-08 07:00";0,0;10,7;0,18;57,9;4,7;1,6;-0,1;269;1,1
"2022-02-08 06:00";0,0;2,3;0,17;67,9;4,7;1,6;-0,2;286;1,1
"2022-02-08 05:00";0,0;1,2;0,16;69,1;5,1;2,0;-0,1;278;1,2
"2022-02-08 04:00";0,0;1,5;0,16;72,5;5,5;2,4;-0,0;296;1,4
"2022-02-08 03:00";0,0;1,6;0,17;72,5;5,5;2,4;-0,1;294;1,5
"2022-02-08 02:00";0,1;3,4;0,17;68,0;5,5;2,4;0,0;288;1,5
"2022-02-08 01:00";0,2;6,2;0,18;63,8;5,5;2,4;0,2;294;1,7
"2022-02-08 00:00";0,3;4,5;0,19;67,2;5,5;2,4;0,2;299;1,8
"2022-02-07 23:00";0,0;2,4;0,20;68,6;5,5;2,8;0,2;301;1,9
"2022-02-07 22:00";-0,0;3,6;0,23;68,3;5,5;3,2;0,4;303;2,0
"2022-02-07 21:00";-0,0;5,4;0,25;62,3;5,5;3,2;0,6;300;1,8
"2022-02-07 20:00";0,1;6,8;0,27;56,7;5,9;3,2;0,7;304;2,0
"2022-02-07 19:00";0,0;10,4;0,29;42,7;6,2;3,2;0,7;306;2,0
"2022-02-07 18:00";0,3;15,1;0,33;33,0;6,2;3,2;0,7;310;2,3
"2022-02-07 17:00";0,1;12,6;0,33;33,4;5,9;2,8;0,8;314;2,1
"2022-02-07 16:00";0,1;17,4;0,35;30,8;5,5;2,4;1,0;311;1,5
"2022-02-07 15:00";0,2;24,2;0,38;27,0;5,5;2,4;1,3;322;1,7
"2022-02-07 14:00";0,3;23,5;0,31;28,3;5,1;2,0;1,4;328;7,9
"2022-02-07 13:00";0,3;28,4;0,33;24,5;4,7;1,6;1,0;301;4,3
"2022-02-07 12:00";0,3;29,1;0,41;24,3;4,7;1,6;0,7;177;1,5
"2022-02-07 11:00";0,2;27,3;0,33;26,3;3,9;1,2;0,7;80;1,0
"2022-02-07 10:00";0,2;30,1;0,33;23,3;3,1;0,8;0,6;75;1,4
"2022-02-07 09:00";0,2;29,8;0,35;22,8;3,1;0,8;0,6;72;1,5
"2022-02-07 08:00";0,1;22,5;0,35;29,5;2,7;0,8;0,6;65;1,6
"2022-02-07 07:00";0,1;14,1;0,28;37,3;2,3;0,8;0,6;78;0,9
"2022-02-07 06:00";-0,0;2,2;0,26;47,8;2,3;0,8;0,9;112;1,2
"2022-02-07 05:00";-0,0;2,0;0,22;51,4;3,9;2,0;1,1;117;1,1
"2022-02-07 04:00";-0,0;2,0;0,20;53,7;5,5;3,2;1,0;141;1,2
"2022-02-07 03:00";0,0;1,7;0,21;51,6;5,5;3,2;1,0;145;1,4
"2022-02-07 02:00";0,1;4,0;0,23;56,6;7,8;5,1;1,4;154;1,4
"2022-02-07 01:00";0,2;3,9;0,31;54,9;10,2;7,1;1,5;171;1,3
"2022-02-07 00:00";0,1;3,5;0,29;51,9;10,2;7,1;1,5;184;1,4
"2022-02-06 23:00";0,3;6,3;0,32;47,2;9,8;7,5;1,5;187;1,5
"2022-02-06 22:00";0,8;6,9;0,38;47,5;9,4;7,9;1,4;178;1,7
"2022-02-06 21:00";0,2;8,9;0,40;47,2;9,4;7,9;1,1;164;1,8
"2022-02-06 20:00";0,2;8,8;0,37;49,7;8,2;5,9;1,0;155;1,9
"2022-02-06 19:00";0,2;9,6;0,41;49,4;7,0;4,0;1,0;159;2,2
"2022-02-06 18:00";0,2;10,3;0,40;51,9;7,0;4,0;1,3;159;2,2
"2022-02-06 17:00";0,3;9,1;0,33;53,3;7,4;4,4;1,7;163;2,4
"2022-02-06 16:00";0,3;8,5;0,30;55,2;7,8;4,7;1,7;165;2,6
"2022-02-06 15:00";0,2;8,0;0,28;57,9;7,8;4,7;1,6;163;2,7
"2022-02-06 14:00";0,2;7,3;0,27;60,9;10,5;4,7;1,8;168;2,7
"2022-02-06 13:00";0,3;7,1;0,26;64,7;13,3;4,7;2,2;162;2,5
"2022-02-06 12:00";0,3;6,6;0,28;67,7;13,3;4,7;2,2;168;2,6
"2022-02-06 11:00";0,6;6,1;0,28;70,0;10,9;3,6;2,0;165;2,6
"2022-02-06 10:00";0,4;5,8;0,32;68,5;8,6;2,4;1,7;170;2,1
"2022-02-06 09:00";0,2;3,8;0,25;69,7;8,6;2,4;0,9;179;1,8
"2022-02-06 08:00";0,1;3,1;0,25;69,5;7,8;2,4;0,9;190;1,7
"2022-02-06 07:00";0,1;1,5;0,21;70,4;7,0;2,4;1,5;191;1,8
"2022-02-06 06:00";0,1;2,8;0,20;69,4;7,0;2,4;1,6;197;1,4
"2022-02-06 05:00";0,2;4,5;0,21;66,2;7,8;2,8;1,6;197;1,3
"2022-02-06 04:00";0,1;5,2;0,20;64,9;8,6;3,2;1,4;200;1,2
"2022-02-06 03:00";0,1;4,1;0,21;66,1;8,6;3,2;1,1;201;1,4
"2022-02-06 02:00";0,1;2,2;0,21;69,9;9,8;4,4;0,7;206;1,2
"2022-02-06 01:00";0,1;3,0;0,24;71,4;10,9;5,5;0,6;202;1,2
"2022-02-06 00:00";0,2;3,0;0,26;73,0;10,9;5,5;0,8;215;0,9
"2022-02-05 23:00";0,2;6,9;0,37;69,8;16,4;10,7;0,8;207;1,2
"2022-02-05 22:00";0,3;13,0;0,42;65,4;21,9;15,8;0,6;202;0,9
"2022-02-05 21:00";0,4;12,6;0,50;68,3;21,9;15,8;0,8;209;0,9
"2022-02-05 20:00";0,4;11,5;0,39;69,9;17,6;11,9;0,7;237;0,9
"2022-02-05 19:00";0,4;15,4;0,59;63,5;13,3;7,9;0,9;222;1,0
"2022-02-05 18:00";0,5;31,3;0,86;37,8;13,3;7,9;-0,3;205;1,8
"2022-02-05 17:00";0,4;16,7;0,47;48,4;12,1;7,9;-1,3;173;2,5
"2022-02-05 16:00";0,3;12,1;0,30;53,8;10,9;7,9;-1,4;154;2,5
"2022-02-05 15:00";0,3;12,1;0,29;53,1;10,9;7,9;-1,7;150;2,3
"2022-02-05 14:00";0,4;11,4;0,25;54,1;10,5;7,5;-2,3;146;2,2
"2022-02-05 13:00";0,4;11,7;0,30;54,6;10,2;7,1;-2,6;140;2,5
"2022-02-05 12:00";0,3;6,9;0,27;59,4;10,2;7,1;-2,9;141;2,8
"2022-02-05 11:00";0,3;6,1;0,29;60,2;9,8;6,3;-3,3;141;2,8
"2022-02-05 10:00";0,3;6,9;0,32;60,3;9,4;5,5;-3,5;132;2,6
"2022-02-05 09:00";0,3;3,7;0,25;62,6;9,4;5,5;-3,7;139;2,7
"2022-02-05 08:00";0,3;3,0;0,25;62,8;9,0;5,1;-3,8;150;2,7
"2022-02-05 07:00";0,3;3,1;0,22;62,2;8,6;4,7;-3,9;144;2,7
"2022-02-05 06:00";0,4;3,5;0,22;61,1;8,6;4,7;-4,1;145;2,6
"2022-02-05 05:00";0,5;2,7;0,24;62,1;8,2;4,7;-4,4;152;2,8
"2022-02-05 04:00";0,5;2,3;0,21;63,2;7,8;4,7;-4,6;150;2,6
"2022-02-05 03:00";0,7;2,4;0,23;64,0;7,8;4,7;-4,7;147;2,9
"2022-02-05 02:00";0,8;2,5;0,23;64,5;7,8;4,7;-4,7;152;3,0
"2022-02-05 01:00";0,9;2,5;0,22;66,1;7,8;4,7;-4,9;148;2,8
"2022-02-05 00:00";0,4;1,9;0,22;66,5;7,8;4,7;-5,2;149;2,8
"2022-02-04 23:00";0,1;1,7;0,23;66,2;8,6;5,1;-5,7;148;3,0
"2022-02-04 22:00";0,1;3,5;0,26;64,7;9,4;5,5;-6,0;148;2,8
"2022-02-04 21:00";0,1;3,4;0,25;62,0;9,4;5,5;-6,8;145;3,1
"2022-02-04 20:00";0,1;5,2;0,26;59,8;9,0;5,9;-7,3;143;3,4
"2022-02-04 19:00";0,1;9,2;0,32;57,8;8,6;6,3;-7,2;147;2,9
"2022-02-04 18:00";0,4;19,2;0,35;50,7;8,6;6,3;-6,7;155;2,8
"2022-02-04 17:00";0,4;24,2;0,33;46,3;12,1;7,5;-6,1;157;2,1
"2022-02-04 16:00";0,3;12,1;0,26;56,4;15,6;8,7;-5,4;146;2,5
"2022-02-04 15:00";0,4;12,0;0,28;56,0;15,6;8,7;-5,4;135;2,7
"2022-02-04 14:00";0,5;10,4;0,28;55,5;20,3;14,6;-5,9;137;2,5
"2022-02-04 13:00";0,4;11,7;0,29;51,4;25,0;20,6;-6,5;140;2,0
"2022-02-04 12:00";0,5;16,0;0,36;46,4;25,0;20,6;-7,2;129;1,5
"2022-02-04 11:00";0,5;23,6;0,45;37,5;21,5;16,2;-8,6;153;1,6
"2022-02-04 10:00";0,9;44,2;0,69;18,4;18,0;11,9;-10,7;169;1,6
"2022-02-04 09:00";2,7;67,3;1,07;4,6;18,0;11,9;-12,4;181;1,1
"2022-02-04 08:00";1,6;53,7;0,69;2,6;16,4;11,9;-12,5;186;1,1
"2022-02-04 07:00";0,4;44,3;0,43;8,2;14,8;11,9;-12,1;175;1,0
"2022-02-04 06:00";0,2;13,2;0,33;33,4;14,8;11,9;-11,1;186;1,3
"2022-02-04 05:00";0,1;10,0;0,34;34,9;16,8;13,4;-10,4;184;0,9
"2022-02-04 04:00";0,2;11,9;0,39;34,0;18,7;15,0;-9,9;168;1,0
"2022-02-04 03:00";0,1;26,0;0,53;20,4;18,7;15,0;-9,4;171;0,9
"2022-02-04 02:00";0,2;21,2;0,55;26,7;24,2;19,8;-9,4;170;0,7
"2022-02-04 01:00";0,1;22,0;0,49;28,4;29,7;24,5;-8,9;176;1,0
"2022-02-04 00:00";0,3;40,8;0,52;12,7;29,7;24,5;-8,8;161;0,7
"2022-02-03 23:00";0,6;54,7;0,62;6,8;37,5;30,1;-8,7;137;0,4
"2022-02-03 22:00";0,7;52,6;0,67;9,4;45,3;35,6;-8,5;181;1,0
"2022-02-03 21:00";1,2;63,9;0,75;7,5;45,3;35,6;-7,4;172;0,9
"2022-02-03 20:00";1,2;67,0;0,67;6,5;33,2;26,1;-7,5;174;0,8
"2022-02-03 19:00";2,7;80,0;1,30;7,1;21,1;16,6;-7,6;158;0,6
"2022-02-03 18:00";1,5;67,5;1,49;13,6;21,1;16,6;-6,6;192;1,3
"2022-02-03 17:00";1,6;47,9;0,84;22,3;17,6;13,4;-5,3;235;0,9
"2022-02-03 16:00";1,6;28,2;0,42;35,5;14,1;10,3;-4,3;259;1,0
"2022-02-03 15:00";1,4;19,9;0,38;42,1;14,1;10,3;-4,5;260;1,1
"2022-02-03 14:00";1,2;16,7;0,38;42,4;15,2;10,7;-4,5;254;1,1
"2022-02-03 13:00";1,6;13,9;0,38;43,1;16,4;11,1;-4,9;246;1,2
"2022-02-03 12:00";1,4;15,5;0,39;41,0;16,4;11,1;-5,4;250;0,9
"2022-02-03 11:00";1,3;18,0;0,39;38,2;16,8;11,9;-5,7;255;1,1
"2022-02-03 10:00";1,1;27,6;0,41;28,2;17,2;12,7;-6,0;259;1,0
"2022-02-03 09:00";1,3;41,7;0,46;16,0;17,2;12,7;-6,3;246;1,0
"2022-02-03 08:00";1,4;26,9;0,40;25,8;16,0;12,3;-6,5;251;0,9
"2022-02-03 07:00";0,5;14,8;0,35;33,8;14,8;11,9;-6,8;208;1,1
"2022-02-03 06:00";0,5;27,6;0,39;17,6;14,8;11,9;-7,1;192;0,8
"2022-02-03 05:00";0,6;15,8;0,32;27,5;18,4;14,2;-7,4;186;1,0
"2022-02-03 04:00";0,8;22,0;0,36;20,2;21,9;16,6;-7,6;226;0,8
"2022-02-03 03:00";0,6;26,8;0,58;8,2;21,9;16,6;-7,9;204;1,5
"2022-02-03 02:00";0,7;22,0;0,44;13,9;19,1;14,6;-7,1;235;0,9
"2022-02-03 01:00";0,6;27,4;0,67;12,2;16,4;12,7;-6,3;285;0,5
"2022-02-03 00:00";0,3;23,0;0,48;15,9;16,4;12,7;-6,4;184;0,8
"2022-02-02 23:00";0,2;15,8;0,40;23,3;16,8;12,3;-6,4;22;0,4
"2022-02-02 22:00";0,2;28,4;0,44;13,1;17,2;11,9;-6,3;62;0,3
"2022-02-02 21:00";0,2;23,3;0,41;17,9;17,2;11,9;-6,4;56;0,2
"2022-02-02 20:00";0,3;18,7;0,39;22,2;15,2;10,7;-6,6;5;0,5
"2022-02-02 19:00";0,3;26,1;0,44;17,0;13,3;9,5;-6,4;38;0,5
"2022-02-02 18:00";0,4;26,0;0,49;17,4;13,3;9,5;-6,1;67;0,6
"2022-02-02 17:00";0,5;23,0;0,35;21,2;15,6;11,1;-5,6;27;0,6
"2022-02-02 16:00";0,6;19,1;0,33;25,4;18,0;12,7;-5,4;17;0,7
"2022-02-02 15:00";0,7;23,3;0,36;21,8;18,0;12,7;-5,5;66;0,7
"2022-02-02 14:00";0,8;21,2;0,37;24,8;19,5;13,8;-5,5;53;0,6
"2022-02-02 13:00";0,9;26,3;0,42;21,7;21,1;15,0;-5,6;107;0,9
"2022-02-02 12:00";0,9;24,2;0,42;20,2;21,1;15,0;-6,1;91;0,6
"2022-02-02 11:00";1,1;29,4;0,51;17,6;17,6;13,1;-6,8;124;0,8
"2022-02-02 10:00";0,8;30,9;0,44;13,3;14,1;11,1;-7,4;150;0,8
"2022-02-02 09:00";0,7;33,4;0,46;8,6;14,1;11,1;-7,4;141;0,6
"2022-02-02 08:00";0,3;17,0;0,36;20,1;13,3;10,3;-7,4;360;0,6
"2022-02-02 07:00";0,7;20,7;0,37;16,4;12,5;9,5;-7,1;351;0,5
"2022-02-02 06:00";0,4;26,5;0,42;7,9;12,5;9,5;-7,8;344;0,4
"2022-02-02 05:00";0,8;34,5;0,43;2,2;16,8;13,4;-7,9;142;0,3
"2022-02-02 04:00";0,7;25,6;0,44;8,4;21,1;17,4;-7,6;191;1,2
"2022-02-02 03:00";0,6;20,3;0,42;17,1;21,1;17,4;-7,0;161;0,6
"2022-02-02 02:00";0,8;19,8;0,60;20,2;18,4;15,0;-6,6;192;1,3
"2022-02-02 01:00";0,7;21,4;0,66;19,2;15,6;12,7;-6,2;191;0,8
"2022-02-02 00:00";0,8;16,0;0,60;27,2;15,6;12,7;-5,8;202;0,9
"2022-02-01 23:00";1,3;24,4;0,49;22,6;16,0;13,1;-5,4;223;0,9
"2022-02-01 22:00";1,3;14,1;0,45;31,0;16,4;13,4;-5,1;248;0,8
"2022-02-01 21:00";1,3;17,3;0,60;28,8;16,4;13,4;-4,9;232;0,9
"2022-02-01 20:00";1,3;22,3;0,66;24,7;14,1;11,5;-4,6;234;0,8
"2022-02-01 19:00";1,4;22,1;0,50;24,3;11,7;9,5;-4,4;261;0,9
"2022-02-01 18:00";1,1;25,1;0,45;21,8;11,7;9,5;-4,1;270;0,8
"2022-02-01 17:00";0,7;16,7;0,36;30,0;12,5;9,5;-4,1;279;1,0
"2022-02-01 16:00";1,1;16,0;0,44;31,4;13,3;9,5;-3,6;270;1,0
"2022-02-01 15:00";0,7;12,0;0,35;35,1;13,3;9,5;-3,4;279;1,0
"2022-02-01 14:00";0,7;12,1;0,36;34,3;14,1;10,3;-3,2;281;1,1
"2022-02-01 13:00";0,6;9,3;0,34;36,3;14,8;11,1;-3,2;293;1,3
"2022-02-01 12:00";0,6;11,6;0,36;31,8;14,8;11,1;-3,2;297;1,3
"2022-02-01 11:00";0,6;13,6;0,37;29,4;13,7;10,3;-3,3;291;1,3
"2022-02-01 10:00";0,5;17,1;0,41;27,0;12,5;9,5;-3,4;295;1,3
"2022-02-01 09:00";0,5;18,9;0,33;25,1;12,5;9,5;-3,5;298;1,3
"2022-02-01 08:00";0,5;12,4;0,32;31,2;11,3;8,7;-3,4;295;1,4
"2022-02-01 07:00";0,5;7,2;0,28;36,9;10,2;7,9;-3,4;300;1,7
"2022-02-01 06:00";0,6;4,6;0,27;39,8;10,2;7,9;-3,2;302;1,6
"2022-02-01 05:00";0,5;4,6;0,27;40,0;9,8;7,5;-3,0;302;1,7
"2022-02-01 04:00";0,6;4,9;0,27;39,0;9,4;7,1;-2,8;301;1,7
"2022-02-01 03:00";0,6;3,9;0,27;39,5;9,4;7,1;-2,6;302;1,7
"2022-02-01 02:00";1,0;4,1;0,27;41,2;9,4;6,7;-2,5;314;1,6
"2022-02-01 01:00";0,6;6,0;0,28;37,0;9,4;6,3;-2,5;309;1,6
"2022-02-01 00:00";0,6;6,6;0,29;37,7;9,4;6,3;-2,4;309;1,5
